{"schemaVersion":"1.0","appDefinitionTemplate":{"id":"/providers/Microsoft.PowerApps/apps/","type":"Microsoft.PowerApps/apps","tags":{"primaryDeviceWidth":"640","primaryDeviceHeight":"1136","sienaVersion":"20230111T141710Z-3.22122.15.0","deviceCapabilities":"","supportsPortrait":"true","supportsLandscape":"false","primaryFormFactor":"Phone","publisherVersion":"3.22122.15","minimumRequiredApiVersion":"2.2.0","hasComponent":"true","hasUnlockedComponent":"true","isUnifiedRootApp":"false","optimizedForTeamsMeeting":"false"},"properties":{"appVersion":"2023-01-11T14:17:10Z","lifeCycleId":"Published","createdByClientVersion":{"major":3,"minor":22122,"build":15,"revision":0,"majorRevision":0,"minorRevision":0},"minClientVersion":{"major":3,"minor":22122,"build":15,"revision":0,"majorRevision":0,"minorRevision":0},"backgroundColor":"rgba(196, 85, 255, 1)","backgroundImageUri":"/9338857878624715857/N0ef574c3-f4de-4ba2-8e57-537d884dff28-logoSmallFile","displayName":"Buro V2","description":"Buro is ISED’s solution to manage shared seating. Buro will allow individuals who work from shared seats to book an available seat within their neighborhood and chosen time frame. The app is designed to be user-friendly. It only takes a few clicks to book a seat. It displays photos and floor plans. It also allows individuals to book different seating types in different types of zones (quiet to active). Buro is accessible via the navigation bar of Microsoft Teams and is multi-platform supported.\n\nBuro est la solution de l'ISED pour gérer les sièges partagés. Buro permettra aux personnes qui travaillent à partir de sièges partagés de réserver un siège disponible dans leur quartier et dans la période choisie. L'application est conçue pour être facile à utilisé. Il suffit de quelques clics pour réserver un siège. Elle affiche des photos et des plans d'étage. Elle permet également aux personnes de réserver différents types de sièges dans différents types de zones (calmes ou actives). Buro est accessible via la barre de navigation de Microsoft Teams et est accessible sur plusieurs plates-formes.","commitMessage":"","appUris":{"documentUri":{"value":"/9338857878624715857/N06bb3e41-b19e-4efa-9eeb-e22a799f6434-document.msapp"},"imageUris":[],"additionalUris":[]},"createdTime":"0001-01-01T00:00:00Z","lastModifiedTime":"0001-01-01T00:00:00Z","sharedGroupsCount":0,"sharedUsersCount":0,"icons":{"smallIconUri":"/9338857878624715857/N0c875458-1426-42a2-94c1-bc6677f6a838-small.png","mediumIconUri":"/9338857878624715857/Na7c011cd-f6f6-4e30-ba82-185e100740c1-medium.png","largeIconUri":"/9338857878624715857/N2fa8bcae-d7c6-4704-9e7b-6090d4147f48-large.png","wideIconUri":"/9338857878624715857/N805278c0-4730-4572-a86e-d8c9f8ca9e5d-wide.png"},"connectionReferences":{},"databaseReferences":{},"almMode":"Environment","performanceOptimizationEnabled":true,"canConsumeAppPass":true,"enableModernRuntimeMode":false,"executionRestrictions":{"isTeamsOnly":false,"dataLossPreventionEvaluationResult":{"status":"Compliant","lastEvaluationDate":"2023-01-11T14:15:36.5441727Z","violations":[],"violationsByPolicy":[],"violationErrorMessage":"The app uses the following connectors: shared_office365, shared_office365users, shared_sharepointonline."}}},"appType":"ClassicCanvasApp","appComponents":[]}}